ID,contractID,description,customeremail,customerwebsite,status,priority,moveinDate,moveoutDate,transferDate,noofmeters,prioritymovein,moveinCharge_ID,usage_ID,createdAt,createdBy,modifiedAt,modifiedBy
ef4ee506-2249-4108-900d-57aab3427a07,CONTRACT-1000,ISU Contract for Arjun Garcia - Meter installation and energy supply agreement,arjun.garcia@gridco.org,https://www.gridco.org/contracts/C1000,ON_HOLD,MEDIUM,2023-05-25T14:42:52.000Z,2024-08-16T15:23:54.000Z,2023-03-29,2,true,cabd558b-4a5e-4aff-bdf2-55f341ea8f34,77bd96e7-0764-46f2-8f7b-dc7cf06f8add,2023-11-19T14:54:22.000Z,arjun.garcia,2023-05-29T19:48:55.000Z,admin@gridco.org
fdb33239-51e5-4c8f-b2f9-641f8945052d,CONTRACT-1001,ISU Contract for Diego Ahmed - Meter installation and energy supply agreement,diego.ahmed@isupower.com,https://www.isupower.com/contracts/C1001,COMPLETED,HIGH,2024-05-24T23:16:49.000Z,2024-03-16T20:56:23.000Z,2024-06-16,7,true,1a3f6e2c-726b-442a-85a6-3050551d505e,af2312d8-daf7-4ada-8af2-b48c2663f888,2022-02-05T20:13:05.000Z,diego.ahmed,2024-06-12T20:53:30.000Z,admin@isupower.com
6b528c78-e477-422e-b2d6-81c71780841f,CONTRACT-1002,ISU Contract for James Kumar - Meter installation and energy supply agreement,james.kumar@example.com,https://www.example.com/contracts/C1002,IN_PROGRESS,HIGH,2024-06-22T21:52:09.000Z,2024-09-10T05:20:29.000Z,2025-11-01,9,false,43b4836b-91e1-4e6b-be6a-f851588db169,f9605527-b292-4f44-9287-32fb466a5daf,2022-05-30T01:00:39.000Z,james.kumar,2023-11-05T17:49:23.000Z,admin@example.com
f952b4ab-eb54-432d-b6fe-d37629f45098,CONTRACT-1003,ISU Contract for Lena Smith - Meter installation and energy supply agreement,lena.smith@utilities.net,https://www.utilities.net/contracts/C1003,IN_PROGRESS,HIGH,2023-09-30T20:14:47.000Z,2025-01-19T22:30:19.000Z,2023-05-23,4,false,d1655c54-8bb8-4018-b10b-568ca4cb4dd0,b714173e-1cd7-4b75-a8c4-6b01622c7130,2022-01-02T18:47:56.000Z,lena.smith,2023-08-12T09:11:41.000Z,admin@utilities.net
c57c0f4f-2189-4cd8-9cb0-cfcee2606904,CONTRACT-1004,ISU Contract for James Davis - Meter installation and energy supply agreement,james.davis@utilities.net,https://www.utilities.net/contracts/C1004,IN_PROGRESS,MEDIUM,2024-04-22T20:07:37.000Z,2025-08-23T18:01:30.000Z,2024-05-30,9,false,4beb4f9d-4fd4-48ce-82ad-824994fd657e,3e8b50fb-9510-48dd-94e6-8241510fbba5,2023-06-16T00:47:33.000Z,james.davis,2024-04-29T23:07:50.000Z,admin@utilities.net
f8337751-91d7-4fab-97cd-318db953fc6d,CONTRACT-1005,ISU Contract for Liam Smith - Meter installation and energy supply agreement,liam.smith@gridco.org,https://www.gridco.org/contracts/C1005,CANCELLED,LOW,2023-03-18T02:16:43.000Z,2024-04-04T20:31:37.000Z,2025-08-19,12,false,587425ca-73e6-4030-9120-bbb3a59e4b71,9bf4dc58-f18e-48f8-bd6a-0af2faa7e129,2022-10-07T20:37:53.000Z,liam.smith,2023-09-17T15:21:59.000Z,admin@gridco.org
2ed88c35-f37d-43a4-bb82-948bf9e594e9,CONTRACT-1006,ISU Contract for Ravi Muller - Meter installation and energy supply agreement,ravi.muller@gridco.org,https://www.gridco.org/contracts/C1006,COMPLETED,URGENT,2024-04-07T13:50:55.000Z,2025-05-28T16:55:08.000Z,2023-09-08,9,false,cc311ae2-7ab7-4429-81b9-552c1728bd53,3cbb433b-f556-4b80-b5a6-37a1163aba73,2023-04-04T15:58:03.000Z,ravi.muller,2024-12-16T06:14:25.000Z,admin@gridco.org
5023edcd-08a1-4be6-9988-eed7c95dfbc1,CONTRACT-1007,ISU Contract for Amara Smith - Meter installation and energy supply agreement,amara.smith@acme.corp,https://www.acme.corp/contracts/C1007,IN_PROGRESS,HIGH,2023-02-27T00:50:55.000Z,2024-08-21T10:10:44.000Z,2025-04-23,9,true,51a2ba61-d47e-4b7c-ac14-547c8eea8bea,241d8b77-00ad-4ac2-9696-57fbe0d50e20,2023-08-20T22:33:12.000Z,amara.smith,2024-06-12T07:53:53.000Z,admin@acme.corp
92f312ad-017b-4cf4-9d42-550e01a2d778,CONTRACT-1008,ISU Contract for Amara Jones - Meter installation and energy supply agreement,amara.jones@energy.io,https://www.energy.io/contracts/C1008,OPEN,HIGH,2023-08-05T03:47:56.000Z,2025-01-31T04:57:27.000Z,2023-04-09,10,true,44f220c1-c651-4d0d-b8d0-38f7140b6149,b0aa2204-1de9-4adb-9ad3-5911133ed654,2023-12-11T00:04:43.000Z,amara.jones,2023-02-11T15:35:40.000Z,admin@energy.io
50e592d3-1e1f-4912-bb9d-0dcf18ed5439,CONTRACT-1009,ISU Contract for Lucas Wilson - Meter installation and energy supply agreement,lucas.wilson@gridco.org,https://www.gridco.org/contracts/C1009,ON_HOLD,HIGH,2023-07-18T20:27:58.000Z,2025-06-17T15:21:20.000Z,2024-06-14,6,true,0d8f32ec-965d-4421-93c1-c818c45c2a95,e5acc16a-59a9-4afc-8cb8-d721fc199efd,2023-01-15T04:39:59.000Z,lucas.wilson,2023-07-30T14:12:29.000Z,admin@gridco.org
0e4ac31d-743f-4bb1-ac8b-ba222e9ba99a,CONTRACT-1010,ISU Contract for Emma Santos - Meter installation and energy supply agreement,emma.santos@example.com,https://www.example.com/contracts/C1010,IN_PROGRESS,HIGH,2023-11-19T23:51:01.000Z,2024-01-03T09:55:39.000Z,2023-05-04,12,false,249a3d82-c31c-4360-aabe-98c8beb9d08a,7755909a-6a57-4d24-8afd-04444e8e2de8,2022-08-10T21:34:15.000Z,emma.santos,2024-05-17T18:12:34.000Z,admin@example.com
7d099a99-e562-4476-ae43-17817ee3d1b1,CONTRACT-1011,ISU Contract for Sofia Muller - Meter installation and energy supply agreement,sofia.muller@gridco.org,https://www.gridco.org/contracts/C1011,CANCELLED,LOW,2024-11-02T14:13:30.000Z,2025-05-13T04:12:55.000Z,2025-06-01,8,true,7e3868b3-e01c-4654-bbea-8c8208b5ad87,996b392c-8e8e-42ca-8894-caf34ebd818e,2022-03-04T17:38:46.000Z,sofia.muller,2023-01-30T01:46:57.000Z,admin@gridco.org
80ead13e-1419-4a02-aa45-8ac243ee525a,CONTRACT-1012,ISU Contract for Noah Wilson - Meter installation and energy supply agreement,noah.wilson@isupower.com,https://www.isupower.com/contracts/C1012,COMPLETED,LOW,2024-02-07T05:39:56.000Z,2025-04-05T20:08:47.000Z,2023-08-24,10,true,e52359e7-e99e-40b9-b2db-fb87ab09f2cd,173f2daf-efac-4875-85cc-1ff0eda21c14,2022-05-23T19:18:20.000Z,noah.wilson,2024-07-22T14:59:57.000Z,admin@isupower.com
f954271f-d07d-4ce7-b9dd-a8fd22af577d,CONTRACT-1013,ISU Contract for Carlos Martinez - Meter installation and energy supply agreement,carlos.martinez@acme.corp,https://www.acme.corp/contracts/C1013,OPEN,HIGH,2023-02-22T21:23:52.000Z,2024-04-14T06:09:49.000Z,2023-02-08,11,false,de36b845-dd79-4fd4-bb20-e4e31649d5a6,df01673e-4782-49a8-92ed-e005fff6013f,2023-09-08T00:04:38.000Z,carlos.martinez,2023-02-13T18:43:20.000Z,admin@acme.corp
4072ba7f-3002-41e7-a7bf-da76a8c0cb0f,CONTRACT-1014,ISU Contract for Mei Jackson - Meter installation and energy supply agreement,mei.jackson@gridco.org,https://www.gridco.org/contracts/C1014,IN_PROGRESS,LOW,2024-10-21T04:51:47.000Z,2025-10-16T16:02:10.000Z,2024-08-04,7,false,d681a139-755a-41d1-9d3b-574bc7d2852c,e8af68dd-cc48-4c64-8919-45d32aa3344a,2022-03-07T22:19:49.000Z,mei.jackson,2024-04-27T12:47:02.000Z,admin@gridco.org
c91e40e9-17a2-4b45-a379-4e73e078b879,CONTRACT-1015,ISU Contract for Lucas Jones - Meter installation and energy supply agreement,lucas.jones@isupower.com,https://www.isupower.com/contracts/C1015,OPEN,HIGH,2023-10-05T21:16:33.000Z,2024-12-13T06:25:51.000Z,2024-05-10,8,false,98ab9e07-8419-4aed-94de-a56e6a720e7a,255405a9-0a1f-449d-8710-0e7f968a5fb3,2022-07-28T01:35:00.000Z,lucas.jones,2024-09-01T21:58:43.000Z,admin@isupower.com
50a6d135-6707-4ffa-bf4e-ae92497f60e1,CONTRACT-1016,ISU Contract for Priya Muller - Meter installation and energy supply agreement,priya.muller@acme.corp,https://www.acme.corp/contracts/C1016,ON_HOLD,HIGH,2024-06-18T13:43:50.000Z,2025-09-06T17:15:41.000Z,2023-11-23,3,false,2e4ed9de-c37f-4473-a078-d2cdcc271e1c,cab8f045-7418-4441-86d4-0236c92da8db,2022-12-03T14:04:50.000Z,priya.muller,2023-09-17T15:51:30.000Z,admin@acme.corp
5aee1c71-5734-4018-8ab9-568b45638999,CONTRACT-1017,ISU Contract for Noah Santos - Meter installation and energy supply agreement,noah.santos@acme.corp,https://www.acme.corp/contracts/C1017,COMPLETED,URGENT,2024-02-21T13:31:37.000Z,2024-01-12T13:32:56.000Z,2025-06-23,8,true,dc12aaf5-549c-4b91-ba1b-eb7332f676ed,8d640cd1-63c3-458e-8f87-ab93ba3a9221,2023-03-17T17:51:45.000Z,noah.santos,2023-12-24T05:21:15.000Z,admin@acme.corp
6eed0e81-e9c3-4744-a64c-2f61cb615473,CONTRACT-1018,ISU Contract for Hassan Garcia - Meter installation and energy supply agreement,hassan.garcia@isupower.com,https://www.isupower.com/contracts/C1018,OPEN,MEDIUM,2023-06-28T14:32:21.000Z,2024-02-20T18:08:57.000Z,2023-06-05,2,false,3f19b51d-c543-401b-a6fe-cf6a36586e5f,74fb1b87-88b1-4702-ae7c-43f9168a917e,2023-04-03T05:08:22.000Z,hassan.garcia,2023-09-23T19:10:59.000Z,admin@isupower.com
fcf3b7de-a788-4711-8047-57fb728e313f,CONTRACT-1019,ISU Contract for Hassan Smith - Meter installation and energy supply agreement,hassan.smith@acme.corp,https://www.acme.corp/contracts/C1019,ON_HOLD,URGENT,2023-11-15T21:36:02.000Z,2025-05-09T14:30:36.000Z,2024-01-06,8,false,f9dde00c-f98d-402c-8c59-ad1d6d0cfec4,b68035cd-d7c4-44cf-8f4f-2fd197c6f252,2022-12-12T15:15:50.000Z,hassan.smith,2024-11-22T23:20:28.000Z,admin@acme.corp
f49f09c1-0d9a-4e87-b7e9-adb31b31cff6,CONTRACT-1020,ISU Contract for Arjun Ahmed - Meter installation and energy supply agreement,arjun.ahmed@isupower.com,https://www.isupower.com/contracts/C1020,COMPLETED,MEDIUM,2023-01-10T02:01:27.000Z,2024-07-28T16:10:38.000Z,2025-08-27,4,true,18b32a28-d718-4b9b-b6af-9a48d421b966,8a3c8a66-1843-48bc-b040-d1fbc795b7fd,2022-08-11T14:42:05.000Z,arjun.ahmed,2023-07-01T08:32:39.000Z,admin@isupower.com
de188c49-6adf-43a8-9ad0-6d111a2ea59e,CONTRACT-1021,ISU Contract for Arjun Sharma - Meter installation and energy supply agreement,arjun.sharma@acme.corp,https://www.acme.corp/contracts/C1021,COMPLETED,MEDIUM,2023-04-15T01:49:43.000Z,2024-06-21T11:58:14.000Z,2025-04-18,6,false,8b39287b-d39e-4528-87ca-db16c1ce8a19,eed607d5-64aa-4504-84dd-42d02ffd7f00,2022-11-06T15:35:58.000Z,arjun.sharma,2024-07-24T20:47:50.000Z,admin@acme.corp
4676fce7-451f-4987-9cd5-5ea016d48b65,CONTRACT-1022,ISU Contract for Sofia Kumar - Meter installation and energy supply agreement,sofia.kumar@acme.corp,https://www.acme.corp/contracts/C1022,ON_HOLD,LOW,2024-05-29T08:53:47.000Z,2024-07-05T01:30:21.000Z,2025-11-13,5,false,329d7c26-7c66-470a-a188-ba886951b514,fa9920c1-712c-4161-acd0-6a8ad57f18c1,2022-08-11T21:46:25.000Z,sofia.kumar,2024-08-20T19:01:27.000Z,admin@acme.corp
3b51e280-c798-43f5-b6c8-236428f7e9c5,CONTRACT-1023,ISU Contract for Carlos Thomas - Meter installation and energy supply agreement,carlos.thomas@isupower.com,https://www.isupower.com/contracts/C1023,CANCELLED,HIGH,2023-09-20T12:50:18.000Z,2025-07-13T03:06:28.000Z,2025-02-25,7,true,d819bbeb-acb7-41ca-9d80-fc38e737f19b,766e0363-7b3f-4fb4-bcf4-607e14ff791b,2022-03-31T11:26:37.000Z,carlos.thomas,2023-12-31T05:06:03.000Z,admin@isupower.com
1078ad59-cfd3-4aa8-b2b4-43eb32dd4b88,CONTRACT-1024,ISU Contract for Hassan Jones - Meter installation and energy supply agreement,hassan.jones@energy.io,https://www.energy.io/contracts/C1024,CANCELLED,URGENT,2023-04-08T04:25:45.000Z,2025-01-24T13:18:23.000Z,2024-09-06,1,true,98458dcf-f727-4307-b17f-37f5731f482b,c793e4c9-c091-45fb-9255-80692c4e0029,2022-07-02T11:23:24.000Z,hassan.jones,2023-05-05T15:10:35.000Z,admin@energy.io
325375dd-7c67-4e57-bc75-2408e79157b3,CONTRACT-1025,ISU Contract for Wei Wilson - Meter installation and energy supply agreement,wei.wilson@energy.io,https://www.energy.io/contracts/C1025,ON_HOLD,HIGH,2023-10-24T20:30:10.000Z,2025-09-16T16:05:10.000Z,2025-05-08,7,false,a8c56a3f-8a3b-448d-8bd0-1bf1292a9a7c,010b0d0f-4e35-419c-ab8b-0beadf6014cb,2022-11-05T00:14:35.000Z,wei.wilson,2023-08-10T21:40:38.000Z,admin@energy.io
b3d9e9e0-2e54-417e-8e58-de5eaeaeef96,CONTRACT-1026,ISU Contract for Sofia Smith - Meter installation and energy supply agreement,sofia.smith@energy.io,https://www.energy.io/contracts/C1026,OPEN,LOW,2023-07-27T11:39:20.000Z,2024-01-12T05:10:08.000Z,2025-06-09,7,false,260f9961-72c6-41b1-9a07-51deaaf7c9cd,ddd5dad1-3d87-4635-a7bb-c215c0e4b48b,2023-10-13T04:48:28.000Z,sofia.smith,2024-11-26T00:21:06.000Z,admin@energy.io
3f55fbe3-69b8-4f18-b541-218cf4476403,CONTRACT-1027,ISU Contract for Liam Jackson - Meter installation and energy supply agreement,liam.jackson@isupower.com,https://www.isupower.com/contracts/C1027,IN_PROGRESS,URGENT,2023-10-30T07:41:31.000Z,2024-08-25T21:48:11.000Z,2025-09-05,11,false,99ccd576-242b-4ecc-891d-27002924bc08,3a742d51-5d18-48ab-b384-5ec16d006ba9,2023-03-20T08:09:24.000Z,liam.jackson,2024-12-16T09:39:55.000Z,admin@isupower.com
7e14b590-0737-4a68-80eb-485fef6f0d06,CONTRACT-1028,ISU Contract for Amara Ahmed - Meter installation and energy supply agreement,amara.ahmed@isupower.com,https://www.isupower.com/contracts/C1028,CANCELLED,LOW,2023-07-23T12:25:58.000Z,2024-10-19T10:08:53.000Z,2025-05-18,6,true,ed620307-2136-4f53-97a2-d1d00985d358,57c1b979-0f07-4231-8bc3-a364f8a41a53,2023-11-20T16:15:54.000Z,amara.ahmed,2024-06-17T22:08:25.000Z,admin@isupower.com
d1aacd3a-4f9b-4be0-b229-0b55b4680bb5,CONTRACT-1029,ISU Contract for Diego Brown - Meter installation and energy supply agreement,diego.brown@energy.io,https://www.energy.io/contracts/C1029,COMPLETED,MEDIUM,2023-11-20T01:38:55.000Z,2024-11-22T14:47:41.000Z,2024-05-28,2,false,154cfba8-df4b-40dc-ab72-e7bdbbfb7924,191a3011-0c16-495f-b0e7-c5db87257fa7,2022-09-20T12:48:06.000Z,diego.brown,2023-07-17T15:35:28.000Z,admin@energy.io
5a69a050-2dbd-48aa-9aaf-df50dbf1cdb3,CONTRACT-1030,ISU Contract for Lucas Tanaka - Meter installation and energy supply agreement,lucas.tanaka@acme.corp,https://www.acme.corp/contracts/C1030,ON_HOLD,MEDIUM,2024-05-24T08:04:27.000Z,2025-05-26T14:32:47.000Z,2025-11-27,5,false,034e2c68-a62b-4db7-a31c-a4c51d126ec1,7961c39f-ebea-4ba9-9bac-69b1ee14fd7a,2023-05-26T17:26:53.000Z,lucas.tanaka,2023-01-20T06:05:14.000Z,admin@acme.corp
108211ea-ffed-4b06-a210-d4622abd5cd5,CONTRACT-1031,ISU Contract for Carlos Wilson - Meter installation and energy supply agreement,carlos.wilson@example.com,https://www.example.com/contracts/C1031,OPEN,URGENT,2024-12-10T23:47:56.000Z,2025-04-05T09:10:28.000Z,2024-07-09,8,true,466d7d22-db77-4103-99ff-0f29a1de0295,4f7725cf-ab67-44c1-afa3-3252bf7adabe,2022-05-08T06:24:45.000Z,carlos.wilson,2024-03-08T08:11:42.000Z,admin@example.com
85a1cc70-40b5-43b4-b42b-d821908b1e99,CONTRACT-1032,ISU Contract for Emma Jackson - Meter installation and energy supply agreement,emma.jackson@acme.corp,https://www.acme.corp/contracts/C1032,OPEN,HIGH,2023-04-02T17:31:13.000Z,2024-07-23T16:32:43.000Z,2025-08-23,11,false,688bd21c-18e2-4b88-ae67-cc229f6cfe70,86b68cf8-7108-40bd-9d54-c3a3718189bd,2023-12-09T21:27:41.000Z,emma.jackson,2023-12-15T11:48:09.000Z,admin@acme.corp
014b072a-a9bc-4d1c-bd66-c34ecc5fd0b9,CONTRACT-1033,ISU Contract for Emma Martinez - Meter installation and energy supply agreement,emma.martinez@utilities.net,https://www.utilities.net/contracts/C1033,IN_PROGRESS,HIGH,2023-06-10T07:26:30.000Z,2024-10-23T05:04:37.000Z,2024-07-15,2,true,ca88a387-160c-499a-addf-07921fda2f9c,38d564e0-b198-4508-b116-4c998ee99d62,2023-07-03T07:20:13.000Z,emma.martinez,2024-10-29T22:16:35.000Z,admin@utilities.net
fd296976-f243-4b0f-a855-6d679173e9d3,CONTRACT-1034,ISU Contract for Amara Smith - Meter installation and energy supply agreement,amara.smith@energy.io,https://www.energy.io/contracts/C1034,IN_PROGRESS,MEDIUM,2023-06-30T12:29:46.000Z,2024-02-23T14:47:56.000Z,2025-06-04,3,false,e708d4c9-95f9-4b2a-8726-15ab5672b3c3,e6c6bdd4-037a-416c-b9c3-5b8ec458af1e,2023-10-02T20:54:54.000Z,amara.smith,2023-08-26T02:20:53.000Z,admin@energy.io
68610031-d6d4-4338-8cff-8e96e79cf76e,CONTRACT-1035,ISU Contract for Lucas Jones - Meter installation and energy supply agreement,lucas.jones@energy.io,https://www.energy.io/contracts/C1035,IN_PROGRESS,URGENT,2023-02-05T10:34:47.000Z,2024-04-05T18:48:18.000Z,2024-10-18,5,false,f016dacc-a732-4845-ba55-e529e0e73e4e,e8503be1-692c-4056-b5f9-6f1d7a3a2146,2022-10-31T17:23:34.000Z,lucas.jones,2023-03-26T08:01:51.000Z,admin@energy.io
be77e347-b7e4-48ed-8afa-cda3de14e46e,CONTRACT-1036,ISU Contract for Lucas Patel - Meter installation and energy supply agreement,lucas.patel@example.com,https://www.example.com/contracts/C1036,OPEN,LOW,2024-06-03T05:48:35.000Z,2024-07-08T13:35:10.000Z,2023-12-06,9,true,829bea35-3fdd-483f-856a-42e74c568ffb,d30bad59-2f74-4cd7-8b63-951adc37af4a,2022-07-10T09:00:52.000Z,lucas.patel,2024-02-01T08:26:18.000Z,admin@example.com
ed2d6406-ac11-4844-8fb6-8633fc867e66,CONTRACT-1037,ISU Contract for Hassan Kumar - Meter installation and energy supply agreement,hassan.kumar@example.com,https://www.example.com/contracts/C1037,IN_PROGRESS,HIGH,2023-05-30T11:13:27.000Z,2024-06-25T09:21:57.000Z,2025-05-31,8,true,1caa7606-107e-4c03-ad56-baa6277194e7,4c1e1ef3-d8f3-4cbf-8eac-da6dbdda8f41,2022-09-18T01:32:06.000Z,hassan.kumar,2024-01-02T05:51:32.000Z,admin@example.com
535e582a-0467-4973-b150-db1056da14ac,CONTRACT-1038,ISU Contract for Hassan Smith - Meter installation and energy supply agreement,hassan.smith@gridco.org,https://www.gridco.org/contracts/C1038,ON_HOLD,HIGH,2024-07-14T03:37:35.000Z,2025-04-18T01:56:31.000Z,2025-04-30,1,false,5a53987f-5f5a-43a5-9a8d-7dcdb25d1952,a0a7e9fd-dac7-4f64-bba0-4ee798cc5243,2023-05-07T21:01:35.000Z,hassan.smith,2023-04-24T02:34:07.000Z,admin@gridco.org
428d6f02-2807-4d25-b586-9a36f0134e30,CONTRACT-1039,ISU Contract for Sofia Muller - Meter installation and energy supply agreement,sofia.muller@isupower.com,https://www.isupower.com/contracts/C1039,IN_PROGRESS,URGENT,2024-08-28T06:01:22.000Z,2024-09-11T14:57:28.000Z,2024-12-02,11,true,c06813f0-65ad-49f8-b531-c54b6448e54b,790bb96c-157f-4de4-9439-e4f4622a418b,2022-04-01T08:52:40.000Z,sofia.muller,2023-12-19T21:22:50.000Z,admin@isupower.com
594fa555-3087-4ec5-99a0-13eb086c2e2f,CONTRACT-1040,ISU Contract for Diego Muller - Meter installation and energy supply agreement,diego.muller@energy.io,https://www.energy.io/contracts/C1040,CANCELLED,HIGH,2023-02-02T10:40:51.000Z,2024-03-12T17:00:17.000Z,2025-06-17,12,true,1b3f9b76-b4a3-4330-b774-35d7d5eb5b49,8824f481-7d68-4eb8-a363-6175c3809ed7,2023-10-24T16:58:37.000Z,diego.muller,2024-08-18T18:22:22.000Z,admin@energy.io
b350bcba-7618-401d-a411-3711924b1b1b,CONTRACT-1041,ISU Contract for Carlos Wilson - Meter installation and energy supply agreement,carlos.wilson@utilities.net,https://www.utilities.net/contracts/C1041,IN_PROGRESS,MEDIUM,2024-12-07T02:22:13.000Z,2024-02-26T21:15:56.000Z,2024-03-07,11,false,b81ffa22-7228-4e40-b9a6-171dd4aed433,11018e87-07b7-4944-9a68-96b462c90198,2022-11-25T18:35:50.000Z,carlos.wilson,2023-10-02T18:52:16.000Z,admin@utilities.net
a95f1600-7b8d-4da2-983c-1b0c12be98cd,CONTRACT-1042,ISU Contract for Carlos Taylor - Meter installation and energy supply agreement,carlos.taylor@gridco.org,https://www.gridco.org/contracts/C1042,OPEN,MEDIUM,2024-02-29T06:10:15.000Z,2024-07-22T00:38:40.000Z,2023-07-28,6,false,054e62ca-25e6-47c5-95cf-c6610774520c,2ba0b89c-a01e-4435-b68c-2647cd71676a,2022-08-06T23:15:03.000Z,carlos.taylor,2023-07-28T07:29:50.000Z,admin@gridco.org
66ffcf51-0819-4066-a0af-bf3544912a53,CONTRACT-1043,ISU Contract for Liam Chen - Meter installation and energy supply agreement,liam.chen@acme.corp,https://www.acme.corp/contracts/C1043,OPEN,LOW,2024-03-24T02:16:12.000Z,2024-04-07T12:45:07.000Z,2025-08-03,6,true,754bfa5e-0d91-4501-aae6-c8777568bab6,e9a3b2a1-dea0-49d9-90ca-7ea49466da97,2023-05-24T05:48:57.000Z,liam.chen,2024-04-06T01:17:27.000Z,admin@acme.corp
742c17c0-04c3-48c0-80db-765925d03991,CONTRACT-1044,ISU Contract for Noah Wilson - Meter installation and energy supply agreement,noah.wilson@energy.io,https://www.energy.io/contracts/C1044,IN_PROGRESS,LOW,2024-01-03T23:25:26.000Z,2024-07-02T09:44:11.000Z,2023-08-24,1,true,822c5222-615b-4afa-9977-046d32a9d3ed,2bf49378-4ca2-45fb-ab55-02b5dc84d72d,2022-03-17T08:51:53.000Z,noah.wilson,2023-05-25T02:59:38.000Z,admin@energy.io
d91dc88d-8faa-4a1c-ad16-98daae6fd72c,CONTRACT-1045,ISU Contract for Olivia Garcia - Meter installation and energy supply agreement,olivia.garcia@energy.io,https://www.energy.io/contracts/C1045,IN_PROGRESS,URGENT,2023-03-16T04:56:18.000Z,2024-11-14T00:44:16.000Z,2024-01-17,3,true,5c10fd47-3b5a-49b6-a608-75296c1f27de,6ce8d38a-1a8c-47ab-ac05-e9b3f42b4129,2023-12-18T01:51:02.000Z,olivia.garcia,2023-12-17T23:08:15.000Z,admin@energy.io
5b871ab1-5e6b-44b7-a333-3e046db6209b,CONTRACT-1046,ISU Contract for Liam Jackson - Meter installation and energy supply agreement,liam.jackson@acme.corp,https://www.acme.corp/contracts/C1046,CANCELLED,HIGH,2023-06-10T01:10:29.000Z,2025-04-25T20:45:46.000Z,2023-09-24,2,false,b63f9d6e-3ce1-4a01-b488-cd3a06ac8546,a947d358-b03e-47dc-9aa6-85040cc5114b,2023-03-23T21:59:29.000Z,liam.jackson,2023-09-17T13:17:53.000Z,admin@acme.corp
cdab4f06-d547-4b2e-ac44-fe4face954db,CONTRACT-1047,ISU Contract for Sofia Muller - Meter installation and energy supply agreement,sofia.muller@isupower.com,https://www.isupower.com/contracts/C1047,COMPLETED,LOW,2024-11-30T06:02:12.000Z,2024-12-29T09:21:56.000Z,2024-11-25,6,false,7da00fd9-0a1a-44a6-99d3-b1507e87e942,e5367238-0c82-42f0-a69e-f01f02607a92,2022-10-24T05:11:07.000Z,sofia.muller,2023-10-28T09:11:27.000Z,admin@isupower.com
626247a4-8469-420e-8246-b775331db40a,CONTRACT-1048,ISU Contract for Lena Thomas - Meter installation and energy supply agreement,lena.thomas@isupower.com,https://www.isupower.com/contracts/C1048,COMPLETED,MEDIUM,2023-01-19T04:30:27.000Z,2024-12-31T00:54:35.000Z,2023-09-14,1,false,f0735121-a015-428a-bf93-5d773f64ab7c,4fb81c14-073e-4d78-9b39-570489c5af6e,2023-09-27T15:47:26.000Z,lena.thomas,2024-05-21T18:16:14.000Z,admin@isupower.com
34ed8455-e378-461a-90b3-681915124226,CONTRACT-1049,ISU Contract for James Anderson - Meter installation and energy supply agreement,james.anderson@utilities.net,https://www.utilities.net/contracts/C1049,ON_HOLD,URGENT,2023-01-13T19:20:10.000Z,2025-12-28T12:48:19.000Z,2025-10-23,10,false,3d82fa2d-2f98-45b9-9437-da451b2bad29,50385f6a-0cee-4507-9192-ef8ca2581f63,2022-06-16T11:33:49.000Z,james.anderson,2024-11-01T05:41:40.000Z,admin@utilities.net
14a7d81d-91de-49c5-a052-0245ed6e2c6b,CONTRACT-1050,ISU Contract for Liam Williams - Meter installation and energy supply agreement,liam.williams@acme.corp,https://www.acme.corp/contracts/C1050,COMPLETED,MEDIUM,2024-05-25T19:27:28.000Z,2025-05-15T10:51:47.000Z,2025-06-12,6,true,409d1a89-bb86-4d5a-a858-1f9429d8a9b8,5694a493-30d1-4e5b-9937-db367cb0b3cd,2022-03-03T23:23:36.000Z,liam.williams,2024-05-08T08:47:48.000Z,admin@acme.corp
5891aae1-7ce0-4b3b-9ac5-bb51160c35ac,CONTRACT-1051,ISU Contract for Lena Smith - Meter installation and energy supply agreement,lena.smith@gridco.org,https://www.gridco.org/contracts/C1051,COMPLETED,LOW,2024-12-11T02:48:25.000Z,2025-02-09T21:05:27.000Z,2023-07-24,3,true,08d783d7-c5b5-4171-a90a-f6b1e4d0e87e,94b5e20f-4bcd-4a3d-b3ae-bbfabc23fbf0,2023-03-02T04:30:45.000Z,lena.smith,2023-10-28T07:57:05.000Z,admin@gridco.org
1b429ec1-f943-4c2d-8e63-9ac4b99e9a63,CONTRACT-1052,ISU Contract for Yuki Patel - Meter installation and energy supply agreement,yuki.patel@acme.corp,https://www.acme.corp/contracts/C1052,OPEN,MEDIUM,2024-09-02T19:30:00.000Z,2025-06-19T18:54:01.000Z,2023-11-07,9,false,b59a8b05-05a7-49ad-beeb-c0752d1dd0d5,9f0886dd-4c01-4eeb-a11f-883551b14083,2022-05-24T23:53:20.000Z,yuki.patel,2024-10-30T20:45:36.000Z,admin@acme.corp
69275e84-688e-4d29-838b-e4af991b5cc7,CONTRACT-1053,ISU Contract for Fatima Santos - Meter installation and energy supply agreement,fatima.santos@isupower.com,https://www.isupower.com/contracts/C1053,COMPLETED,URGENT,2024-11-27T01:31:42.000Z,2025-02-15T18:55:37.000Z,2025-03-15,9,true,282cb875-f64f-47df-9814-55e781f4da66,6b95a8bb-d24d-41e4-b374-9dafaa1bb755,2022-10-08T11:45:38.000Z,fatima.santos,2023-11-16T21:38:38.000Z,admin@isupower.com
68b85ec5-d9ba-4702-a27a-43302805467d,CONTRACT-1054,ISU Contract for Hassan Chen - Meter installation and energy supply agreement,hassan.chen@acme.corp,https://www.acme.corp/contracts/C1054,ON_HOLD,HIGH,2024-11-12T02:56:44.000Z,2024-09-22T11:32:36.000Z,2024-01-16,3,true,a32169f4-002e-43f6-b812-526c489e0306,35469e7c-847b-4bac-b08b-7ba350be16aa,2023-02-02T00:22:35.000Z,hassan.chen,2024-06-11T20:40:35.000Z,admin@acme.corp
0624f04e-ccef-465c-adfb-0baa5c0ba1a8,CONTRACT-1055,ISU Contract for Carlos Davis - Meter installation and energy supply agreement,carlos.davis@energy.io,https://www.energy.io/contracts/C1055,IN_PROGRESS,URGENT,2024-11-07T10:51:19.000Z,2024-06-03T22:05:22.000Z,2024-09-27,4,true,a92492ff-ea90-4a4e-8436-f0adda50f87b,9ffb9b49-bef7-48c9-a79d-2e2f3031b787,2022-02-28T18:30:03.000Z,carlos.davis,2023-09-15T04:15:17.000Z,admin@energy.io
126dde67-3710-4bed-a68f-2df0fee08ed9,CONTRACT-1056,ISU Contract for Emma Sharma - Meter installation and energy supply agreement,emma.sharma@utilities.net,https://www.utilities.net/contracts/C1056,ON_HOLD,LOW,2023-07-17T18:41:37.000Z,2025-01-15T11:49:12.000Z,2024-12-23,1,true,1fff5887-1c47-49cc-904c-5f887e87dc5d,bbd7cd43-37eb-4e9b-bd4d-450147bd59cb,2023-12-31T02:06:05.000Z,emma.sharma,2024-12-09T17:51:37.000Z,admin@utilities.net
792580c9-bf41-4b21-bb98-b23fc91be4f0,CONTRACT-1057,ISU Contract for Sofia Anderson - Meter installation and energy supply agreement,sofia.anderson@energy.io,https://www.energy.io/contracts/C1057,ON_HOLD,MEDIUM,2023-11-29T17:42:20.000Z,2025-12-27T07:29:14.000Z,2024-04-18,1,true,2f74c7d0-9005-40d1-b769-8eb8a39b5647,01f6b2f6-2694-4144-a630-3271f72eb6b9,2023-09-01T22:38:29.000Z,sofia.anderson,2024-10-05T03:57:04.000Z,admin@energy.io
9d060e5e-5cec-4c22-ac72-e52cfb86db91,CONTRACT-1058,ISU Contract for Mei Santos - Meter installation and energy supply agreement,mei.santos@gridco.org,https://www.gridco.org/contracts/C1058,ON_HOLD,LOW,2023-04-10T21:33:30.000Z,2024-07-20T22:45:46.000Z,2024-05-08,6,true,b67873c0-1bd8-4ceb-9005-64bb1831bc7b,bba37fa6-2f12-4c23-a71b-9acad1d8f66b,2022-06-26T22:18:31.000Z,mei.santos,2023-09-20T05:46:35.000Z,admin@gridco.org
31647c47-ee7e-4d6b-a536-2fc50da8dec9,CONTRACT-1059,ISU Contract for Sofia Garcia - Meter installation and energy supply agreement,sofia.garcia@isupower.com,https://www.isupower.com/contracts/C1059,IN_PROGRESS,MEDIUM,2024-05-03T06:16:10.000Z,2025-04-15T19:00:11.000Z,2023-01-22,10,false,fac5696c-796a-40e3-8788-9c4a02f259ef,b660debc-332b-44f1-94b2-7145878f1524,2023-07-23T21:43:11.000Z,sofia.garcia,2024-08-07T15:56:13.000Z,admin@isupower.com
f0476936-348c-41cc-89f2-6d75342bfe16,CONTRACT-1060,ISU Contract for Arjun Brown - Meter installation and energy supply agreement,arjun.brown@acme.corp,https://www.acme.corp/contracts/C1060,ON_HOLD,LOW,2023-01-23T21:16:17.000Z,2024-09-12T21:53:11.000Z,2023-01-25,5,true,fc13f32a-7dc6-4847-88b2-a6578f32b85c,593d3679-d798-427f-a262-74bd321d95b5,2022-12-03T15:21:12.000Z,arjun.brown,2023-09-24T06:08:26.000Z,admin@acme.corp
07b6b620-31cb-409d-8843-d9b6cd22c593,CONTRACT-1061,ISU Contract for Aisha Tanaka - Meter installation and energy supply agreement,aisha.tanaka@acme.corp,https://www.acme.corp/contracts/C1061,COMPLETED,LOW,2023-12-19T13:09:11.000Z,2024-06-15T18:18:55.000Z,2025-10-11,12,true,510af8ae-452c-4309-a3ab-7700b416998c,7cb4c7b9-918b-4643-b36a-49aee63128da,2023-10-04T20:51:58.000Z,aisha.tanaka,2024-10-10T11:44:37.000Z,admin@acme.corp
cb82171c-d213-41e5-a100-30190ce98d3f,CONTRACT-1062,ISU Contract for Mei Ahmed - Meter installation and energy supply agreement,mei.ahmed@isupower.com,https://www.isupower.com/contracts/C1062,IN_PROGRESS,MEDIUM,2023-06-02T02:26:44.000Z,2025-04-24T02:43:33.000Z,2023-06-29,9,true,f864180b-8047-410b-a4d7-3e853f63d22b,8509ea3e-e061-4538-9a82-8b7c810f9111,2023-12-02T14:43:23.000Z,mei.ahmed,2023-06-04T07:47:44.000Z,admin@isupower.com
9fbfb2f0-02a9-41b2-9aaa-81ca3b376b6c,CONTRACT-1063,ISU Contract for Carlos Jackson - Meter installation and energy supply agreement,carlos.jackson@energy.io,https://www.energy.io/contracts/C1063,COMPLETED,URGENT,2024-07-27T04:28:40.000Z,2024-07-20T12:09:21.000Z,2025-07-12,5,false,f587e8d5-054a-43ed-85af-6cd04543176c,d4aad3e6-8d5f-4898-8be5-df88fb42df25,2022-10-18T02:07:30.000Z,carlos.jackson,2024-12-22T17:21:29.000Z,admin@energy.io
4c32b81b-b59b-4449-8d6a-a630ba74d995,CONTRACT-1064,ISU Contract for Lucas Davis - Meter installation and energy supply agreement,lucas.davis@gridco.org,https://www.gridco.org/contracts/C1064,COMPLETED,HIGH,2024-01-31T17:45:45.000Z,2024-10-17T05:37:06.000Z,2023-07-30,7,true,1eb84790-63f6-4b60-9277-332969fe1d2c,f8bca286-dd66-41fe-97c5-d35b039fd1d0,2023-11-19T20:38:35.000Z,lucas.davis,2023-02-09T04:46:17.000Z,admin@gridco.org
a542bf4e-fab8-47d5-bfc6-aef09f0f44fb,CONTRACT-1065,ISU Contract for Diego Kumar - Meter installation and energy supply agreement,diego.kumar@isupower.com,https://www.isupower.com/contracts/C1065,CANCELLED,URGENT,2023-09-17T00:38:05.000Z,2025-06-04T03:51:56.000Z,2024-07-29,8,true,b2830a2a-d0fe-4e10-a3d3-e085e8741c52,d592ca6b-558a-429a-aab6-3706cc760a38,2022-06-21T02:04:36.000Z,diego.kumar,2024-06-06T05:42:55.000Z,admin@isupower.com
03031418-cca4-40f8-a53a-f526b3d2201a,CONTRACT-1066,ISU Contract for Aisha Taylor - Meter installation and energy supply agreement,aisha.taylor@utilities.net,https://www.utilities.net/contracts/C1066,CANCELLED,LOW,2023-05-28T04:28:25.000Z,2025-12-13T01:20:51.000Z,2025-01-28,12,false,53969386-7892-4cb4-99b3-9afe7effe911,e8af5244-927e-47fe-a236-a6c3c3a5192a,2022-05-15T15:41:26.000Z,aisha.taylor,2023-08-02T20:03:04.000Z,admin@utilities.net
62a429b4-c303-4394-8f7e-a36d2ef44401,CONTRACT-1067,ISU Contract for Hassan Jackson - Meter installation and energy supply agreement,hassan.jackson@acme.corp,https://www.acme.corp/contracts/C1067,IN_PROGRESS,MEDIUM,2024-08-12T02:41:59.000Z,2025-06-26T20:59:24.000Z,2025-12-26,7,true,dd716610-2510-4975-8ab9-6c7d69c715dd,51d6b60b-52df-406d-81b6-462757467325,2022-09-25T07:17:11.000Z,hassan.jackson,2024-04-29T03:37:44.000Z,admin@acme.corp
176156ff-40cf-4972-868f-8d48e9d76473,CONTRACT-1068,ISU Contract for Mei Anderson - Meter installation and energy supply agreement,mei.anderson@gridco.org,https://www.gridco.org/contracts/C1068,OPEN,URGENT,2024-02-15T10:10:29.000Z,2024-03-15T07:08:13.000Z,2024-02-03,4,false,0e8f9119-1947-445b-9fcf-141640b8fa18,9c4a8deb-4be1-4341-b6c5-1a645f9d83fa,2023-01-09T09:02:42.000Z,mei.anderson,2023-01-26T22:09:37.000Z,admin@gridco.org
d0a36090-d7ca-41f1-8953-8166b938d8b9,CONTRACT-1069,ISU Contract for Priya Chen - Meter installation and energy supply agreement,priya.chen@utilities.net,https://www.utilities.net/contracts/C1069,ON_HOLD,LOW,2023-09-20T03:03:54.000Z,2025-03-29T17:19:20.000Z,2025-01-18,5,true,1ccf633d-cb94-4ec1-ae30-3a9899c12574,8364c0b3-926b-497c-81c4-bc14407610c9,2022-07-08T23:28:18.000Z,priya.chen,2024-11-13T01:51:41.000Z,admin@utilities.net
46ca9dfd-6ed7-4fd0-a12f-1a498ac28bc0,CONTRACT-1070,ISU Contract for Olivia Muller - Meter installation and energy supply agreement,olivia.muller@utilities.net,https://www.utilities.net/contracts/C1070,OPEN,MEDIUM,2024-12-16T19:54:15.000Z,2025-10-28T07:47:30.000Z,2025-10-07,6,false,af0fe875-1eb9-4de7-b549-5540b0f1968e,99eb8025-3e26-4c13-8c24-4ed84f61b73c,2023-07-05T11:28:44.000Z,olivia.muller,2024-02-11T03:30:55.000Z,admin@utilities.net
becfaeeb-f21a-4a24-bc52-31f6407995b2,CONTRACT-1071,ISU Contract for Lucas Taylor - Meter installation and energy supply agreement,lucas.taylor@example.com,https://www.example.com/contracts/C1071,OPEN,MEDIUM,2024-05-22T06:54:44.000Z,2025-01-05T18:13:42.000Z,2025-01-10,3,false,91bd0cf0-d5a5-4984-89a5-914d43d43f3b,996d3307-7085-4484-8b81-6bc510f633a9,2022-03-29T18:48:29.000Z,lucas.taylor,2024-10-25T05:55:05.000Z,admin@example.com
697159b5-4e54-4b0c-89ef-8cadb65683c4,CONTRACT-1072,ISU Contract for Lucas Wilson - Meter installation and energy supply agreement,lucas.wilson@example.com,https://www.example.com/contracts/C1072,IN_PROGRESS,URGENT,2023-05-09T21:41:13.000Z,2025-11-14T15:19:18.000Z,2025-07-02,4,true,b8039034-aec5-4e2c-84d2-4c04037deab8,555a825c-f81a-4044-a0cc-7565bacd734f,2023-07-15T11:12:23.000Z,lucas.wilson,2024-05-26T02:56:44.000Z,admin@example.com
5cc60e04-eaa8-45df-a6b1-e5b0afd17bff,CONTRACT-1073,ISU Contract for Arjun Jackson - Meter installation and energy supply agreement,arjun.jackson@gridco.org,https://www.gridco.org/contracts/C1073,IN_PROGRESS,HIGH,2024-01-24T17:22:14.000Z,2024-11-20T13:01:22.000Z,2023-12-30,4,false,41cbe7e6-c729-40e0-a7f2-1db5bb1520f9,7cbaef1f-224a-4f81-971e-0fb82094dc8a,2022-06-11T06:11:46.000Z,arjun.jackson,2024-07-25T05:57:04.000Z,admin@gridco.org
3faf5b98-b125-4601-adcb-23450ed70eaf,CONTRACT-1074,ISU Contract for Sofia Martinez - Meter installation and energy supply agreement,sofia.martinez@acme.corp,https://www.acme.corp/contracts/C1074,CANCELLED,URGENT,2024-12-06T12:09:00.000Z,2025-07-06T18:05:49.000Z,2023-03-06,3,true,35895772-8984-4ce1-918f-606abc5e29b7,ed4b17f2-2255-476b-a397-b2a55abbca9d,2023-11-06T08:55:02.000Z,sofia.martinez,2023-02-25T11:08:16.000Z,admin@acme.corp